{
    "vocal": {
        "tempo": [
            126.04801829268293
        ],
        "spectral_centroid": 3103.022491974493,
        "spectral_bandwidth": 3358.0507582425216,
        "zero_crossing_rate": 0.06873662622068705,
        "mfcc": [
            -205.1980743408203,
            123.988525390625,
            -39.19618225097656,
            28.27048110961914,
            -38.68034362792969,
            7.050194263458252,
            -17.057260513305664,
            -2.4990451335906982,
            -14.667651176452637,
            -8.792096138000488,
            -13.477134704589844,
            -7.2938551902771,
            -0.3357695937156677
        ]
    },
    "instrumental": {
        "tempo": [
            126.04801829268293
        ],
        "spectral_centroid": 1856.4027416097401,
        "spectral_bandwidth": 2455.7710201914956,
        "zero_crossing_rate": 0.035264706911600024,
        "mfcc": [
            -264.4533996582031,
            143.38804626464844,
            31.149934768676758,
            19.18828773498535,
            -11.065115928649902,
            11.604105949401855,
            -0.4296841621398926,
            -9.395215034484863,
            2.573709011077881,
            0.31397441029548645,
            -6.537996768951416,
            -5.342474937438965,
            -2.841996192932129
        ]
    }
}